subject_knowledge,engagement,management,preparedness,professionalism,recommended_training
4.8,4.7,4.6,4.9,4.8,Advanced Curriculum Design
3.2,3.4,3.1,3.5,3.3,Classroom Management Workshop
2.8,3.0,2.7,2.9,3.0,Engaging Students in Online Learning
4.9,5.0,4.8,5.0,4.9,Research Writing and Publication
3.5,3.6,3.4,3.6,3.5,Effective Assessment Strategies
4.2,4.3,4.1,4.4,4.3,Integrating Technology in Teaching
3.0,2.9,3.1,3.0,2.8,Stress Management and Faculty Wellness
2.5,2.4,2.6,2.5,2.3,Improving Communication Skills
4.5,4.6,4.4,4.7,4.6,Outcome-Based Education Seminar
3.9,3.8,3.7,4.0,3.9,Time Management for Educators
4.1,4.0,4.2,4.1,4.0,Innovative Teaching Strategies
2.7,2.8,2.9,2.7,2.8,Building Empathy in the Classroom
3.8,3.7,3.9,3.8,3.7,Using Rubrics Effectively
4.4,4.5,4.3,4.6,4.4,Instructional Leadership Training
3.6,3.5,3.7,3.6,3.5,Creating Inclusive Learning Environments